{"cars": [{"dimensions": [446.7525446512403, 181.47669061058784], "corner_radius": 26.325571969531563, "color": "black", "front_windshield": {"color": [27, 44, 107], "windshield_width": 167.8098978130811, "windshield_length": 102.82113014789313, "hood_length": 67.54682616182586}, "rear_windshield": {"color": [24, 38, 79], "windshield_width": 154.9241243424313, "windshield_length": 0.17546914771091462, "trunk_length": 34.44768718298192}, "effects": {"shine": null, "roof_squares": [], "roof_lines": [], "transparency": 1.0, "clutter_pixels": [], "saturation": 0, "shadow": null}}]}